{"best_mean_auroc": 0.812464633065054, "lr": 9.999999747378752e-05}